Top-1,Top-3,Top-5,mAP
28.999999999999996,52.0,67.0,46.36944444444444
