Top-1,Top-3,Top-5,mAP
40.0,56.99999999999999,67.0,54.37261904761904
