Top-1,Top-3,Top-5,mAP
25.0,49.0,57.99999999999999,42.338095238095235
