Top-1,Top-3,Top-5,mAP
14.000000000000002,38.0,61.0,33.678968253968264
