Top-1,Top-3,Top-5,mAP
15.0,37.0,56.99999999999999,34.263492063492066
