Top-1,Top-3,Top-5,mAP
12.0,28.999999999999996,46.0,29.881746031746037
