Top-1,Top-3,Top-5,mAP
19.0,40.0,56.00000000000001,36.79047619047619
