Top-1,Top-3,Top-5,mAP
33.0,56.00000000000001,71.0,50.53095238095238
