Top-1,Top-3,Top-5,mAP
31.0,56.99999999999999,73.0,49.943650793650804
