Top-1,Top-3,Top-5,mAP
11.0,28.999999999999996,53.0,29.815873015873017
