Top-1,Top-3,Top-5,mAP
17.0,39.0,56.00000000000001,36.13253968253968
