Top-1,Top-3,Top-5,mAP
21.0,40.0,55.00000000000001,38.77460317460318
