Top-1,Top-3,Top-5,mAP
28.000000000000004,61.0,77.0,48.782539682539685
