Top-1,Top-3,Top-5,mAP
28.000000000000004,49.0,68.0,45.523412698412706
