Top-1,Top-3,Top-5,mAP,CMC-1,CMC-3,CMC-5
66.66666666666666,66.66666666666666,88.88888888888889,73.51851851851853,66.66666666666666,66.66666666666666,88.88888888888889
