Top-1,Top-3,Top-5,mAP,CMC-1,CMC-3,CMC-5
28.000000000000004,53.0,68.0,46.01309523809525,28.000000000000004,53.0,68.0
